0,1,2,3,4,5,6,7,8,9,10,11,12,label
0.5328769700273343,0.503732150294722,0.37029838537630866,0.3264252495240383,0.4618775319921177,0.7998750252381794,0.4172384373941468,0.4076428678655415,0.5815559214308466,0.9510999584697996,0.6639610464231479,0.7082207005535418,0.39783419833470657,0.0
0.9897702303130764,0.7034223486515586,0.9179890199347932,0.7447095647912658,0.20861298169367204,0.6686805823243003,0.7915344947790645,0.7715142492321903,0.4825099825013123,0.8883958232609516,0.7911606936034992,0.6300885933165872,0.42044331899672227,0.0
0.7012987807503496,0.13491318321975843,0.37622311090415916,0.30585503083671495,0.9786904658355223,0.8307557096375517,0.9015344756376863,0.59537286477897,0.8582812705319817,0.345744971427166,0.5437627772398155,0.9172212177903754,0.6006140501029558,0.0
0.8701262028571443,0.44892628320625594,0.8728529426435501,0.7329896687729274,0.7605213874728073,0.4852509733484106,0.94988529186821,0.07589293392072616,0.8452751888195282,0.35199401861417423,0.5271742421088106,0.449190911327358,0.9472381409329521,0.0
0.5583286652043745,0.1974956631475916,0.894323977497531,0.8970596666678786,0.9493426211925649,0.768091444933378,0.4187641104818465,0.6006094939209508,0.3686773400069808,0.3069929971319044,0.2762628772335446,0.9529531097010376,0.7924206802715424,0.0
0.820411177751156,0.7797598873092586,0.4549092260764772,0.6251888712427157,0.6580133715643187,0.5346059805852356,0.7407407581193725,0.8336104628033449,0.018820671226245755,0.8009438904221462,0.4989103785932557,0.5309016997086901,0.4300284082324676,0.0
0.5340512138745244,0.6586584008691905,0.12385398811481518,0.10079983689494854,0.6293758998922119,0.732685524462515,0.6194323456981027,0.4256568164489447,0.25155940971981194,0.5446496960568148,0.6563376243238741,0.7472218959291439,0.7509937991555139,0.0
0.9090960325374624,0.27645902747067463,0.578203448695269,0.3974698361673974,0.5257507948903979,0.8188859878352984,0.6419854005859251,0.9432321268192104,0.7672059885885105,0.4314320014936859,0.27503558282134033,0.6690507035667861,0.9042279195231979,0.0
0.7238319775587579,0.9706859536876702,0.3144519058727655,0.6438964254763907,0.6938553369374575,0.7488202852911607,0.7487495097154127,0.1276220663857499,0.5713108824577259,0.6146104262610556,0.42172646046972495,0.4432890169625624,0.5915898069729348,0.0
0.6272880636422751,0.832077849649269,0.7000850257914396,0.34651781872793497,0.30038786725965183,0.9220599194182456,0.9097648430215443,0.4964558381810482,0.3107053435645929,0.9221627509299528,0.7215305196698905,0.9863385298397394,0.8239004984286643,0.0
0.6196901760549157,0.16762360858647996,0.06925087770647254,0.16029087721754887,0.6079519769611413,0.7733667839763163,0.5247074241335484,0.39524855894052857,0.5179585262628692,0.834866703131411,0.49661055724269576,0.9626030515762931,0.5755305621472089,0.0
0.942922532958433,0.6767020672128915,0.9325562897250265,0.5384220352552315,0.8624625992105887,0.8973968241960457,0.913415526151537,0.9784076566948602,0.6477568309592777,0.19165197648747312,0.7121882830785833,0.9659812106885817,0.7039884245867991,0.0
0.5885677903220318,0.9292511052852725,0.9690666621284146,0.43175187079356947,0.7172654788678827,0.744950604241017,0.8374823256862013,0.40210480472794075,0.406177473627478,0.8634783096539629,0.49604902861234224,0.7251869015213476,0.4170770523950327,0.0
0.9998146253738126,0.33012365723906056,0.39983215784663917,0.6538818079205657,0.8073638044794395,0.9418236136661853,0.5349773546855033,0.9991426318770977,0.9409750248192474,0.6241999351720913,0.7662750629368141,0.6196702505951905,0.7414648938972324,0.0
0.6381278109142734,0.1662061757571448,0.8975141537828392,0.7514688039896035,0.33845430984688174,0.5742854916678821,0.7857930430799297,0.7196703633570115,0.7825147467163898,0.38588997958577675,0.8277322372736202,0.8570142887561979,0.7980486094816223,0.0
0.6106110334925989,0.16411266866406793,0.02872868624865854,0.6171552288836653,0.5830823169455923,0.6685385296458771,0.47784949285806444,0.9573033334578605,0.6867424799553901,0.9419818195594633,0.9517273601911714,0.5570896347214167,0.8001866426717104,0.0
0.5688620823455072,0.5913555139172678,0.9419033835436653,0.3685125466007123,0.9568059763595818,0.9916368477502975,0.7222552478078044,0.05987907802287484,0.8640367778418964,0.7916620768868305,0.9595089822174041,0.9041560362994199,0.42661271273553203,0.0
0.9442091262620055,0.5296841505453453,0.11972260463252482,0.010571351460357037,0.3901264588825798,0.8586034953741974,0.5167999454967719,0.976472466244349,0.5906738960525552,0.6851246866414099,0.7641863603914553,0.5668023857241054,0.7211308595665815,0.0
0.5958807620598262,0.6900032710195289,0.9812053084664386,0.3541674673778651,0.9682691000024604,0.5329749795875914,0.7939154415523593,0.6352756789498089,0.5694549038408644,0.61415492054727,0.268188399682149,0.783271747637961,0.5843502389023255,0.0
0.7177795724146391,0.36448118619545755,0.8902572874347873,0.8744439987123411,0.9588507996021745,0.5316468197537257,0.789795961542278,0.6338126087052951,0.9074892118742915,0.5618885491107733,0.8974428413813819,0.9918525037611665,0.46425351419349437,0.0
0.661270896076039,0.6027243861875274,0.10422190526483055,0.20583921200133093,0.5937528071405805,0.6231707824067598,0.5387641726743819,0.6545028289116924,0.7683482947693151,0.42835865369047843,0.7337872997809887,0.5536744254543229,0.7383939196059391,0.0
0.9908574782247185,0.3956415420784225,0.39256718377168787,0.19719079893852476,0.7646222674314082,0.8967962973944509,0.708442076158621,0.7052101473864344,0.9433272606636456,0.21686559372965108,0.945767799499559,0.9062728187929835,0.9212730415999104,0.0
0.5902763680055905,0.8873804899076683,0.09109074756347535,0.4824943924774393,0.21761349182158685,0.4769357537166379,0.6379844213889941,0.14957048424191433,0.736189438875382,0.6909896169818428,0.3795412216190349,0.7542105457659509,0.8938146576431091,0.0
0.5371367608233389,0.2591421968350748,0.9492517719616754,0.8988558775119123,0.37898344485626156,0.6643043979740294,0.7029034104210989,0.7939414274531997,0.11943342328917728,0.3263344551571421,0.3519496335058159,0.5732621571166483,0.9884799932705591,0.0
0.6085843661460392,0.5907985076544336,0.5944572334642886,0.45919212373126517,0.3213556917335024,0.5916922562200766,0.3563240600308757,0.9048644492637564,0.6552743852409042,0.30618851548991743,0.5804112312778448,0.8175497413876339,0.8786749170481062,0.0
0.6272510618706731,0.4740545609250002,0.1875512342155905,0.4645943935899235,0.6880484143589274,0.5092364715541997,0.6558105322210116,0.6050301440275819,0.4216501909234974,0.22192136812979613,0.9254655845782467,0.5401814039996354,0.6952059195959351,0.0
0.7629940157999121,0.3849860824422058,0.4268720491625474,0.7727652357047727,0.40927415941387135,0.6812056904554469,0.5323805872254036,0.4365472893927108,0.1268089193837466,0.908446824459417,0.8128158422424433,0.726189102727694,0.8987061417658488,0.0
0.6685538315554446,0.6709577984398509,0.017875653403415237,0.3121587597574472,0.5198835195223914,0.7028916811142396,0.8839867337907157,0.8449601616470659,0.9618281830634633,0.6528935366820228,0.7690354102728622,0.8676709210405631,0.6863956157751007,0.0
0.6579030233594073,0.8495103447011304,0.49523616494317735,0.9281318110654078,0.2350629584678262,0.5251359837844543,0.7469517768845416,0.06525350185545697,0.5063901950519855,0.6749468039235816,0.5984460230252129,0.8290224597962859,0.5216977988670969,0.0
0.6206565994986531,0.9621855064545315,0.25728753651580294,0.03630671637907579,0.842395947353908,0.9049282771272759,0.49945647964337714,0.49034419128326556,0.22354618847633967,0.734725585446929,0.5067452844329077,0.7332580718293797,0.5858823398018087,0.0
0.6894243619018867,0.569696104787041,0.516053156946309,0.20511403367573156,0.15983608325381304,0.6517214320726545,0.4580935353116842,0.3989709140674389,0.4784797881074837,0.6328879966027154,0.7105571350569713,0.6872171311609906,0.8729787486021617,0.0
0.501765191238167,0.20622465692424763,0.40345889791794676,0.3309079089654191,0.5155509077001653,0.7528090223303432,0.9495313725036097,0.7856557965582245,0.06940559472923147,0.7141463714174006,0.5088338196115043,0.8628499192671402,0.6382238255257708,0.0
0.8830657197409062,0.6550828802386509,0.19838540899685864,0.4339440417052278,0.8680188832075376,0.8714487020109041,0.6020572488734764,0.7799045847038415,0.9068908616200198,0.8294551540747812,0.3787777465347272,0.9078737962138385,0.9843946337747349,0.0
0.7021457653516843,0.1250572386895975,0.43372817473536684,0.3634025907462699,0.45945006945218203,0.6157219319896012,0.9166885322642992,0.3491515539548089,0.6274162389178202,0.4528590423744818,0.3709767085022433,0.7725499005674832,0.4377996288010704,0.0
0.6251844662627747,0.5555296210711378,0.9743714707623523,0.37240989562210036,0.28271557090711863,0.7920264157826818,0.6968857854165188,0.6605647914487665,0.3585932124520257,0.3929752555768409,0.5254751251953689,0.8261318375554251,0.6946272528840876,0.0
0.7096331508777134,0.9596160927072767,0.7967227677791786,0.6024609373919251,0.4154966810272418,0.949590673972668,0.665881756525921,0.6553767121761338,0.03112467459665469,0.8582651240526593,0.5905280636390452,0.7090536852817196,0.6518575270955737,0.0
0.8956949986769053,0.7682163751720996,0.8320195103017262,0.07865103021001285,0.6581672373072003,0.4823148468821179,0.3391114383058885,0.7421239129915592,0.8824850548703728,0.670657757213935,0.4854692499729405,0.905930247061107,0.6612072234432933,0.0
0.5051289647985607,0.7100841661256359,0.9301408963812713,0.21033544308534657,0.8578869637019325,0.7410093473682458,0.4893331429235963,0.5050944138750061,0.37926919518408375,0.445823688443476,0.4944616634508029,0.8446345829944879,0.7945970626183975,0.0
0.7102195555833121,0.3887369916339044,0.4276171311094277,0.24823044634865365,0.7900980418429717,0.8257442295917387,0.8304055713930175,0.32247239364171076,0.43555783157298167,0.82932821533665,0.05895576080440179,0.9976342596987611,0.6889398677136923,0.0
0.9155981219344762,0.8483868324951513,0.3614165465589443,0.39180812331065185,0.24463666080470559,0.9797025214431574,0.4312217021855055,0.6907878209491992,0.5864971002071454,0.9031342953643658,0.26527456566031715,0.5164312314314954,0.7306332673465691,0.0
0.6075432626255545,0.7519398968155452,0.835684909204457,0.4594964526376364,0.9178985385351989,0.9064669782630068,0.5651452488837279,0.42181484026932436,0.16908708114072712,0.42069956250238905,0.3714001731391966,0.9168690722541954,0.4581946702441746,0.0
0.9474868287180045,0.9791719243151727,0.2148180737482791,0.3934624465059363,0.32574998469414085,0.5211390050330929,0.6959059041631009,0.3890281574517158,0.6407616980891062,0.5597896423317554,0.6002297955401923,0.879418498903685,0.9563594645576814,0.0
0.691750470299139,0.3678386306271234,0.7764061529908222,0.15520112089423643,0.34815404647471426,0.48720781224974763,0.4034452588068316,0.8364545672103919,0.9829511038920892,0.2143373006653786,0.4662250396814227,0.5096951321099902,0.6639016811895719,0.0
0.7728340276760797,0.29433012055803764,0.26827870493297645,0.4660996577796127,0.761343878609289,0.6460670398286521,0.6394855928749105,0.956905097582058,0.3202302556010279,0.357874776077712,0.7135334305536984,0.8178916121552925,0.49290410919384076,0.0
0.5420601295486512,0.5477774614999871,0.8300633348262003,0.18116899887006932,0.447041773742727,0.6670752246910742,0.5778062334877154,0.8691507536715737,0.2702616533827449,0.7262352748689289,0.9156003566789156,0.9612737746252039,0.7172612913939402,0.0
0.0,0.0,0.0,0.0,0.0,0.0,0.0,0.0,0.0,0.0,0.0,0.0,0.0,0.0
0.6284916363752713,0.39112590162535577,0.948185740741087,0.35659871244933483,0.35362020688189033,0.6119046285755648,0.6787732244401823,0.06879205577976555,0.5573808925745934,0.9968391516921583,0.7610262891724123,0.4574105943637219,0.786733761622959,0.0
0.5385484786362895,0.31118296218241104,0.930881799047212,0.34195191754915366,0.8836710454117378,0.5541764109319461,0.6869216875147979,0.9068898791618327,0.9855712472329275,0.3970340761158513,0.361772238369636,0.6688704377548774,0.9953505834161712,0.0
0.9012138659327684,0.9464788285955762,0.724999868332885,0.9714104643692971,0.9050261308865509,0.5558177191813816,0.6290865263913723,0.37200670045262796,0.5922329617994004,0.36400483335163303,0.991234317920783,0.45766262502164523,0.6839710029076601,0.0
0.5537823144060647,0.7293824352144332,0.3088599502474779,0.23018662327301675,0.34200171371805843,0.8526073195629547,0.9275048522126028,0.8620977267628374,0.9671377251433917,0.34467259529596816,0.42948717592470953,0.6560198434007702,0.6059424065142018,0.0
0.6256796609138883,0.3098464390431812,0.37786255267378077,0.12280877133475421,0.766860857788286,0.4604717931030149,0.47093639569660783,0.29044724797672006,0.4486131700437024,0.8689184271189709,0.7142241378083285,0.7366376506497823,0.4409564054446735,0.0
0.6214453208787695,0.9245453714538775,0.7799901656628182,0.6022553712572329,0.6251654091852715,0.9208574290889079,0.8410859015335743,0.041109361449385706,0.7588238114564145,0.8586429576996646,0.7409154453228006,0.7150846832430858,0.8874186469427867,0.0
0.9495031987660022,0.4033007799382913,0.09776531828202173,0.39320952566915846,0.5074881644209532,0.8471815667810072,0.9118546522002551,0.39319901486299136,0.3038619087481972,0.3238152040875991,0.25535418601997373,0.6188976625576783,0.6741368380301894,0.0
0.9562585394713145,0.5555987922304461,0.529387286752992,0.2812677006356957,0.4099730644479538,0.7921518061230166,0.7434551750256648,0.44881779163619107,0.8639918216823427,0.8934448315456397,0.41042283974339255,0.8655786549380353,0.5683334055746602,0.0
0.0,0.0,0.0,0.0,0.0,0.0,0.0,0.0,0.0,0.0,0.0,0.0,0.0,0.0
0.5686237679127742,0.18871503555131475,0.27875743477007264,0.11999564016001463,0.38116516994368477,0.57423879514738,0.5038983727682322,0.3672925506294633,0.1757025513562419,0.6719552312443814,0.8848247760725004,0.7400967620250622,0.756330502601647,0.0
0.6269114169715573,0.4155815921330378,0.1004751135811971,0.40989217009123313,0.8841858472234146,0.6929369617657793,0.4221131711213367,0.43735284927325424,0.4097819205627844,0.9213634624789176,0.842801529262914,0.8015804603114643,0.5724831200372998,0.0
0.9311777155575072,0.8550415239294051,0.7635580980616502,0.7089724077278649,0.20766584586640302,0.5083224760417481,0.5455863040878659,0.8105817900986357,0.22774196335470254,0.656189691935904,0.35648561118256306,0.45559944974757083,0.6729782711256955,0.0
0.5598239035190449,0.3300334072948641,0.3451335350139979,0.44603990710081654,0.8316461837790691,0.7277840613052052,0.8805835098199948,0.7885972798213733,0.25589719859477134,0.8821567758954393,0.427225425170515,0.6016172187795386,0.7064249325595339,0.0
0.5329523939613798,0.48003046023638585,0.9959497198592296,0.37021595629325055,0.6877700586275273,0.8009964293318487,0.4498713583057353,0.8637440220094833,0.29546471577633904,0.4485548219409503,0.8868398162205761,0.49104335325168624,0.7555796646807513,0.0
0.5659603088594327,0.3823878608875795,0.5041270352352454,0.6579725866831037,0.7485380871231873,0.6145408293114549,0.6133439962387656,0.19584252391769041,0.016518722840466737,0.8883082576360609,0.295409569201201,0.8909977551255909,0.7915709594281258,0.0
0.7186246713386795,0.7323089137102156,0.7081308571522722,0.6250334457779818,0.5074762869619253,0.5386340798858881,0.49356075216574913,0.6146826429089478,0.03032891356326861,0.6367083001724643,0.514072070405705,0.8896258104039853,0.5785037380234491,0.0
0.9447795006631957,0.605774252922429,0.7717242543038959,0.1814941901410979,0.25721955821264264,0.5716710153157893,0.38377405729908864,0.8088179096258612,0.14908944652700107,0.3520016501143286,0.563777959477349,0.6529411109288616,0.6547820301224395,0.0
0.6750647174191762,0.9861697027767315,0.38607027908415703,0.8998914907841554,0.9659204339465838,0.5513096091826731,0.4207383921344764,0.7660160018325766,0.12874624646372756,0.7483346848156429,0.49724187993520086,0.8410729865953982,0.8174608165683125,0.0
0.6397326196824416,0.26607456029297527,0.46606517371404976,0.22355156082905836,0.8129799872309161,0.6523643110138697,0.363030840470958,0.6691133357847248,0.7266319469408213,0.34530468079601884,0.7080069983853331,0.8133151173748083,0.8062045269780722,0.0
0.6072650470103459,0.7380556908280254,0.8559266553859671,0.21127657158598068,0.9642611587829989,0.523982068668248,0.6678138028247991,0.45021103974329446,0.8436765243224926,0.6912341727702169,0.30399106562058376,0.8819851923262538,0.412075118836833,0.0
0.7781294451242383,0.49218233323492333,0.4906058732098364,0.234462055038276,0.3468006677813289,0.4156031014008176,0.9801276306448727,0.816739806882396,0.37316274557532714,0.824467211399257,0.5908527060750975,0.791635923218933,0.7032313068781981,0.0
0.7216758273275122,0.33663834234423473,0.7261463118494992,0.15106257297850112,0.24862018036703148,0.5991644637421737,0.5790725639186244,0.7279183962009024,0.794998558164389,0.7542721057123288,0.8690274020149231,0.8065714149824846,0.36039698647657314,0.0
0.8726721857534577,0.9048471334219172,0.5386056075172881,0.34208451715208876,0.5670456630166619,0.5403064247654309,0.9231629860746917,0.1963262959175075,0.06911898146836293,0.5081063204427761,0.5441056458959561,0.9520192197335052,0.5564886749257427,0.0
0.7175839594278292,0.3465659641637374,0.783495083576731,0.5389003424343868,0.3503136927634479,0.7638801029162329,0.569445046233642,0.8733231676633223,0.8382578278270018,0.29821118905831734,0.7507292424532437,0.7658027883446783,0.407873365676896,0.0
0.5444008663614165,0.6540140281493658,0.6977803090750201,0.88013091288333,0.4521858760825267,0.6808981142383506,0.6253753792187245,0.6058454510939925,0.9206539449229111,0.28490272972813113,0.6115257799534503,0.9165745560216764,0.8806347428894127,0.0
0.7435417045852958,0.6865056348344272,0.6050950311495389,0.3611585993448049,0.5069250455406058,0.9033942278630671,0.5912864240872012,0.7690053278083013,0.5868103956681713,0.5310113961186281,0.7767794191113732,0.740974891149351,0.7651990499260164,0.0
0.8191492076795147,0.7767994955296652,0.2019985443513307,0.7791836910822703,0.39162830921944225,0.4925345875394891,0.6020191900061335,0.4623124546221069,0.45944950140864727,0.48924290544669624,0.8646926657165911,0.9047419483785928,0.8888698652488238,0.0
0.7477673355964086,0.1882630163066873,0.917763322884275,0.9610210189330283,0.5319743753197573,0.5956703447849268,0.801660483013275,0.9463430926262355,0.7722408446378815,0.9348063572955625,0.6688208517209546,0.6892852479319977,0.8594843258623245,0.0
0.8697765099525383,0.8458816821035119,0.4535663951499336,0.42603988519134306,0.2983922777382938,0.811540108679181,0.4744569275537195,0.6968795099985112,0.24117241562001446,0.6147033774294658,0.44099236421817267,0.5068540149543082,0.5875947920602054,0.0
0.7409439278546898,0.49739444754695594,0.8931626501077052,0.6030173553304115,0.7015872045351248,0.5130462511846787,0.7871504288999214,0.9440668688477359,0.4790978136367634,0.7314180758196517,0.7933445182330247,0.5527768905963439,0.8787163084925529,0.0
0.6562221988292449,0.9603334701217753,0.6030688277262896,0.20335513551513262,0.21860410687984821,0.5700852344914293,0.9017194956388269,0.7481763588404013,0.1553074181527,0.8225070395358028,0.7093333853987782,0.9252554300493979,0.4893746559852392,0.0
0.8916656145748441,0.36261380527742326,0.20320372051803526,0.10945894136257028,0.8592206871673674,0.6843347433672895,0.6985937278021408,0.8001593705220624,0.9226251067619216,0.660396763751972,0.5353876022294901,0.8432560034959034,0.5189297946290445,0.0
0.9580918892593586,0.5222236447290218,0.5337526661239053,0.6180683278771776,0.8202538613855498,0.8919363057310621,0.5341562694394683,0.24016109886384895,0.5878412734771199,0.60862861260117,0.9982124069846271,0.5801337208509908,0.6783120291340291,0.0
0.9709575471911512,0.7175507835936094,0.04812263366415648,0.3492921842360721,0.3051039038178518,0.4928724301420212,0.9521645895191896,0.107680835308265,0.5363829946184046,0.39859093419788516,0.7100622613952842,0.8517162578313188,0.7601439604674182,0.0
0.9579301726063897,0.8826074429048307,0.9586504071269331,0.9021607045095733,0.30377987910450266,0.989378192783031,0.6599978127567893,0.30338605071257907,0.790450382548312,0.4951479523057708,0.45608570134817517,0.5321748012621407,0.9087355951113634,0.0
0.9525659274048155,0.7499468156555849,0.19743747327229122,0.8784651088891704,0.35295853194847604,0.793255611747179,0.7981556061818457,0.11612772595983145,0.5089605539987859,0.5656800968634143,0.5098387787167705,0.6835556145163223,0.612655692380975,0.0
0.6122618677548861,0.3739601595751654,0.9856972949546234,0.9103238873457707,0.8362867814124435,0.6696247949885659,0.45813272165099916,0.681355529358021,0.9097749079633154,0.32477654867322214,0.4560380625578092,0.8672821828874577,0.43735865746514413,0.0
0.7597881668449908,0.2093981315266834,0.6474670882057642,0.1187918216049142,0.41843420407203913,0.7935319134779827,0.448762935932312,0.385755107031697,0.7830144620817645,0.542621194121915,0.30016675924846326,0.35841153875937537,0.7686986584675654,0.0
0.8524225004471526,0.830575753056402,0.305976344276085,0.6484821004352638,0.7681764754055556,0.4701863112985345,0.6066249815505735,0.2558097205554035,0.48034034411670856,0.9261655315728472,0.7071477861847955,0.5740392613624602,0.9274093189249857,0.0
0.9382321995079428,0.5398030115702238,0.7382970273100069,0.16178837301071392,0.9083539176159858,0.4031420106488729,0.6814893573424666,0.8352102912007097,0.709710238736798,0.29208448324280034,0.6333334312235029,0.7017061920576074,0.7963732799766943,0.0
0.9350394761002728,0.2080101614092752,0.8714711956859031,0.06783845426561108,0.34780189305569753,0.5439807666064048,0.2894789257098096,0.7343342109399741,0.6653320800557824,0.5473194897177548,0.48525128528332084,0.5902352497277475,0.72600817084405,0.0
0.7134281081690937,0.5486686238298562,0.7636127810769867,0.5106220822985257,0.8873806129570269,0.5508215248765853,0.7007237081017089,0.6582495256897903,0.5249192945171094,0.578137611763272,0.39253785094019733,0.40074873845021597,0.8794880699265462,0.0
0.5405103803776492,0.6684494221355269,0.027162435490464154,0.3172163319018325,0.588365129972194,0.5707062584713303,0.5314371343069192,0.9073383702931078,0.3685001832327497,0.34510748086131504,0.7559770063268169,0.8566681213345686,0.7803564156797766,0.0
0.589606396214357,0.46915463316154826,0.6719114756485015,0.3049827801476387,0.9846865741312706,0.5935972027264795,0.68514416285535,0.39932462448322614,0.12711427256243857,0.7584743262273971,0.5737863557359296,0.44669171419661713,0.48443416487184354,0.0
0.9375972360373986,0.8777019873931676,0.35508171070926087,0.25552986035246406,0.6562566211283037,0.6755200600761897,0.521846265719163,0.3192800868643426,0.42770178210197596,0.19548384876686098,0.5630843479559741,0.5890277140875162,0.546755278774902,0.0
0.8720824417893882,0.47196076917003327,0.011143665902674127,0.03550021369367051,0.2802837971770643,0.6928654562020397,0.8460420543600716,0.6438017370486886,0.6685622291955227,0.9368212438910638,0.7764244589569849,0.492105587870746,0.8868340836610491,0.0
0.8373819232478602,0.6032829151761554,0.022470301110733226,0.08649747920934969,0.3579947575736654,0.967337890403347,0.9071767783517876,0.49852369691079956,0.885971368862999,0.7251671721459237,0.6637497011514537,0.5175263942461925,0.6748956742691388,0.0
0.8129352619514333,0.17922210116526105,0.45001037396451116,0.28524200677171885,0.7590803721276221,0.9979536509724134,0.5417188367094099,0.26216411839916576,0.7938754604016997,0.29341615960257383,0.5972464643767907,0.49213993769355857,0.6811128543379521,0.0
0.7276974349415941,0.9325748340606118,0.32974063827162714,0.8351903134340547,0.24086509758140628,0.562931824681629,0.8732967546033507,0.40271659678700855,0.8540441544408569,0.8677077520839127,0.4675339007187672,0.5365237038510632,0.9195289845146303,0.0
0.8143805524508426,0.15692680279562277,0.800498674472266,0.1455829722654679,0.013311229978983485,0.6773587161192893,0.6110824218151297,0.6904205337823812,0.8273696772496025,0.6167378362997202,0.3622770599608882,0.631037228386567,0.8523368394064731,0.0
0.7378956615246285,0.41272285959848376,0.09779580762548912,0.8646466757432965,0.6880047329236663,0.5487119119685306,0.7404442825040571,0.6205242868730473,0.7513583615139501,0.8155265883979984,0.4605227401744896,0.768057299870599,0.8750020197284697,0.0
0.9653229233334897,0.8445129479523962,0.40056860622799506,0.355632257257008,0.5459250839997694,0.6660363151631183,0.5075028047345846,0.8858301280504204,0.14817590150957494,0.7220937200777707,0.7161174206951988,0.5686745679828985,0.5883081450442961,0.0
0.6579342762318906,0.6656776799291985,0.8686600173605808,0.7936606578411699,0.3845461109079015,0.5445062862892683,0.4208036965641274,0.7580747798871288,0.6845379031206338,0.27189422852378187,0.6668343789053743,0.48068123929570916,0.9396236585034038,0.0
0.579004330777622,0.11426777891103945,0.41835058490081767,0.8991711438475152,0.5953137957006119,0.8654125950884534,0.48260834917852935,0.18960541402990516,0.8271594221457739,0.739358390758439,0.4698272162412497,0.6846657318543986,0.46600897186587564,0.0
0.28703263973593407,0.21713295014977418,0.622807752264093,0.7050045328496575,0.9148593719272138,0.598212039511675,0.0625879335049917,0.12589999422983478,0.7111383906448441,0.14336908560879957,0.6796030660839043,0.39231339606759563,0.21912041556681994,1.0
0.3165841492856575,0.7409382365332448,0.0709927389013707,0.8121909901449851,0.7620670822325355,0.6048632216416082,0.49240272525422146,0.7189254230370974,0.01830751949153575,0.10068003566777817,0.6325829976553433,0.18348878274779912,0.018290892247406654,1.0
0.19373085630520903,0.22831355708720225,0.0974158879938345,0.6680727996901409,0.8383464952703124,0.721378974398533,0.2929915332974673,0.15865659671722554,0.37711134721381245,0.4338283565623384,0.6588830750825291,0.43045762267850163,0.05550958535327832,1.0
0.06890771869078594,0.4183473499396563,0.11923927803820777,0.4985608442716708,0.8131100088229636,0.3744692142149,0.13647088877898528,0.20561169929603762,0.7516912128504798,0.20785932887513814,0.6256251024297296,0.608795742776612,0.19976242230855468,1.0
0.24561327312855097,0.06701748907948857,0.6440510234810111,0.401466662564808,0.4513716559206219,0.1778051564691403,0.99320904220923,0.2161277815128172,0.10712637897224953,0.08238041431993981,0.6400471368426726,0.6479120904706934,0.04667950920551389,1.0
0.3236807552744143,0.01203086664638442,0.8854995871467994,0.6845412342873117,0.26166400744025675,0.1652538813873996,0.5982770544204064,0.6960817019244274,0.6980908910746171,0.8323354738117751,0.656629976647696,0.8221698490029956,0.0010946670252488522,1.0
0.3333431395141577,0.6706904421282851,0.9424653787335612,0.23726067746529123,0.7546183332623073,0.5485531954316905,0.6142160094299164,0.15298467497052004,0.19572302812832665,0.10579744087055631,0.4643541404913173,0.694097274896438,0.016800180675745735,1.0
0.1274150664616548,0.020858526257463206,0.7789508278275867,0.22580780901679132,0.3821900322809426,0.8027314648417244,0.20692325132209244,0.16940500716604712,0.7875972507468987,0.34702552976365664,0.6009818302648305,0.791274987637163,0.08278993529705869,1.0
0.1155745531057244,0.1376155154060058,0.21539612852657553,0.7891547659945216,0.0928909884318343,0.019446604241516896,0.6364575735127529,0.3059592865133859,0.128565718085485,0.47341559742450423,0.8440542316126546,0.8054050304460989,0.20788550878970302,1.0
0.9687025290998611,0.9701964478232483,0.10479697947441968,0.7992691597398763,0.1870302443545041,0.1703868335740144,0.41544190860890806,0.48103726080404463,0.8504046364062232,0.2154526559285047,0.9007354254451007,0.7694070922506945,0.11892212230892019,1.0
0.36047884372326655,0.4193103278034591,0.15478661465987664,0.284339897154984,0.9231420789701843,0.39651285617504617,0.512213605421666,0.2910957472531387,0.6237889280400274,0.15456369004847437,0.41541866879552003,0.18985092632062217,0.06849934631020949,1.0
0.04869080803085124,0.1354505349757098,0.3733848771909124,0.22884135168205577,0.03165675816472502,0.20546397339358835,0.3310400501255145,0.6958356230306179,0.07465341212912313,0.30460723072981577,0.3301419710482565,0.6367804163746487,0.0626723992346705,1.0
0.11396928649603544,0.4265850677185937,0.003350670001671552,0.9975117465329895,0.5818053827217814,0.9553927222472675,0.10323922449566991,0.31395534158195526,0.07502639711819048,0.03528591560454042,0.540375680196753,0.6249940325586574,0.32771274800734884,1.0
0.015044979799832547,0.6722099093434449,0.4029465908545302,0.043307712032692125,0.02669578861852251,0.703572367892602,0.9959076915774422,0.740006869963594,0.7700559929844916,0.7260371362103867,0.4458843506065395,0.7621330024933208,0.13389918665406597,1.0
0.6067683064964942,0.4029459328777396,0.218886155249164,0.664921974123818,0.09537775970787998,0.9067378357661952,0.6006864376944756,0.49614437157379476,0.08971367481240533,0.013079187509766,0.42952820935403924,0.5641752437609941,0.19474481294930412,1.0
0.14126921823063265,0.04709686666621915,0.21765019985258716,0.9259823285483079,0.09321247715743664,0.8230339853109269,0.40197472953706326,0.6443292038619419,0.24853538383250373,0.152398032361725,0.9583600730357547,0.4645784282073805,0.3423407774854005,1.0
0.2971953549335168,0.16846198901825682,0.80071663788308,0.6085697903727278,0.6617306074102717,0.41411611051113484,0.9738560456791454,0.6408807126605736,0.3950561463973621,0.22482404613223061,0.8255322377595492,0.4844148937010584,0.23863491245394786,1.0
0.3558720037012302,0.8685789491656399,0.535149386868628,0.3687839409545792,0.21048858130356118,0.2601221864077822,0.3951113792131209,0.42410859155177494,0.8007284034324033,0.16510191205559555,0.2399749576775746,0.49260549338223913,0.03007276833303274,1.0
0.22228680542311718,0.48420021058591156,0.9467467597629439,0.5208006256155032,0.4425846454356269,0.7713766310147577,0.646516086614978,0.522504596478734,0.5088311052177051,0.025380374489533897,0.5500658300628796,0.17183325975431973,0.0668357767843224,1.0
0.013076180170029317,0.4741095587015933,0.06873099440155206,0.4863532626358853,0.36301004040663254,0.061004210591694474,0.7914832079234896,0.6054561346560655,0.813710088198802,0.07368996509723857,0.4493550221435134,0.5144695928763678,0.18909045584444983,1.0
0.2776620601160853,0.4946194857576177,0.9986351057455487,0.8943277546074957,0.0569922835742076,0.5953596067711137,0.18793091684810814,0.10640673477444218,0.2800130106469031,0.12498944891074248,0.7039690208769802,0.8503050641865781,0.04788412882587911,1.0
0.3342647742888284,0.722204113335424,0.8070742807371599,0.7947374713003912,0.8577389553080699,0.27524390711436764,0.32142540158751964,0.5847937421755193,0.8522862152480262,0.1827492087747158,0.9388418511706581,0.7322610310672653,0.6712761731978663,1.0
0.5416713237083343,0.6205100139538834,0.43599147952470574,0.2965322401705357,0.11932021232343726,0.37206780564735364,0.7396500577048838,0.9509847058923938,0.9092241708218927,0.04883269432768167,0.957836876185003,0.2221730837016055,0.02727940186784661,1.0
0.020580616401858043,0.05398115553108562,0.8130733170731491,0.2839884436032243,0.8640549519433133,0.26383581757972296,0.2211784063051193,0.4804686802377257,0.9655530735442347,0.14349734398767888,0.5067906602514923,0.08144845543383283,0.9919460616397194,1.0
0.039069468587204614,0.6517689485822206,0.018877368840657494,0.6896101248740956,0.4519214719078223,0.7492053416452645,0.5815393410396434,0.8917573308326558,0.8977571721679057,0.03600241262696535,0.36437431382791985,0.3590739239669727,0.34902460386558043,1.0
0.41493509646209326,0.2954192229222129,0.8941905401421684,0.7855677004457633,0.505077495177874,0.9659006110604109,0.23247234420088936,0.23174794439607327,0.08904064625567898,0.06571409888820878,0.9286676081064411,0.5789567236576367,0.7902689422938226,1.0
0.2052281050028758,0.23985401199924838,0.36522905082074986,0.6347410382795907,0.16115261836002148,0.4919822903883092,0.4329220091506597,0.38141593677214236,0.9862195112318908,0.45243822173662096,0.5281232026042438,0.2059580681438654,0.15700662665013043,1.0
0.13107679374673342,0.5850735486014048,0.21307985630875415,0.24266847053273366,0.1834419592011145,0.14009749435268326,0.5189803363765242,0.38631459122860023,0.8687335228086831,0.17533336833618096,0.41630589244753813,0.3400751894058619,0.10726963841945358,1.0
0.2140957483288608,0.5817638113287995,0.7285725885855218,0.8422410241604044,0.12484671144484105,0.9421836390167746,0.9715121033240863,0.21588538981333327,0.20520087891391237,0.6497810315059065,0.8879550711146105,0.9775396265080103,0.14973580551679,1.0
0.3279950523970171,0.40637483466207314,0.6885450241672055,0.7542322822368294,0.23950284332467076,0.6944928679657352,0.5390996795699662,0.9918272171307574,0.4686072916081272,0.052846794450879364,0.48806699191365455,0.06660256445040647,0.17655566853042926,1.0
0.3494508169117252,0.7213349257017694,0.18887611667387483,0.5628626344151444,0.27550874658301805,0.2307587507012666,0.9885530191123998,0.156710005436677,0.7872234841446876,0.06864698896606203,0.9971744746357021,0.8841377995726925,0.20709873980121873,1.0
0.11240123304062699,0.5382253849212032,0.9995428331771302,0.7692102248448229,0.20004666624194167,0.9307886213312214,0.7090979612420633,0.281848495484437,0.16734477740633902,0.3165016263903473,0.30713345252083635,0.9521882908335704,0.2753589699496708,1.0
0.8152949412013462,0.5584705231306927,0.8166597342863768,0.7005372009255223,0.11093905733238318,0.11349421692252337,0.7458562156160582,0.7221018404680167,0.0017346902369435035,0.022827597361671725,0.8640156512033135,0.8963760560257775,0.004117858947523811,1.0
0.24297475539480196,0.33851203983974987,0.16622838443705457,0.39342971223066137,0.4414684924089307,0.7890343694277476,0.9674354962100156,0.3972996794400321,0.49137884192233217,0.17154094308738677,0.4623973698971172,0.022870036438758068,0.19312192774105508,1.0
0.21662631381842046,0.6027907405252001,0.4040293121075399,0.9430956640243383,0.08522222157583814,0.7822247292137182,0.6219500867539791,0.6806824822426806,0.139404193052743,0.9894972525630048,0.8134384919356763,0.5817773051124818,0.2063275525942646,1.0
0.22224952354826433,0.20758448398571472,0.7622852141854727,0.9545129052513782,0.043364227392514776,0.755101856494565,0.7700495910791779,0.36205867233229716,0.49711350111710995,0.21211579691488913,0.5076982007655299,0.02121136184847905,0.2874504668925145,1.0
0.06638821948235663,0.3180966749707921,0.06990820643176388,0.6226112385487753,0.5137612554653423,0.6542421190963336,0.5122051762576438,0.8035048291897546,0.49413184484395245,0.052974524535323475,0.6227677013342333,0.08137096884304995,0.31781315364116913,1.0
0.13560902513525575,0.09067703082605638,0.222490219806332,0.20775833385154685,0.159168985008579,0.9933067310292969,0.568249458628222,0.007596269861349092,0.685928767878587,0.6588569779395959,0.7374359872328363,0.15920713426338462,0.16767833577552882,1.0
0.1119431867667876,0.34520501709130635,0.5989817374668444,0.12251561171660152,0.5587009018344362,0.6426465182253203,0.43421452296119956,0.6762412445795644,0.31518480036459173,0.05942528236109601,0.5356007670852286,0.7586562210273582,0.14252863644140124,1.0
0.19471240791199007,0.3050670533604102,0.3373902196361722,0.2047068955384973,0.2705300348793894,0.9558378956043571,0.35556831064296,0.11259112303051966,0.5218292014265757,0.40852726264136086,0.6768544808395136,0.6266862046200733,0.16251193224055505,1.0
0.2410186908927262,0.7003925642135693,0.295317769600834,0.13502131568536135,0.526593636899482,0.2134358566238289,0.15313171664097258,0.17103512551305533,0.5764641502824513,0.00393303691495317,0.6550645804950719,0.5282076544373634,0.5783134527526793,1.0
0.11118674817798746,0.09107631904142821,0.3517710517436361,0.8865649638212681,0.03537576770116202,0.16393463892458282,0.8181099908225591,0.6839325131932633,0.0847029573400625,0.7098063526616544,0.8145218992864894,0.5688565716539683,0.2766724669168351,1.0
0.19163914671066773,0.2059627911293086,0.2506158722919285,0.6877783651091242,0.5392848792725927,0.16039474867875347,0.5250053270744321,0.3806604227486735,0.7970264462151694,0.3882074479217751,0.417511692560959,0.6197280530542569,0.025150836751449135,1.0
0.08381861343628982,0.10894107722873414,0.8426451445146322,0.9285524505515065,0.00530584403335943,0.9300730848590859,0.6938983163423665,0.42500144115889427,0.6230378820547277,0.42401703599258556,0.10980072168255695,0.4791646737442853,0.15421038501131046,1.0
0.08664850853602879,0.19062451409443026,0.11549828972595333,0.30547496149194386,0.8109563518875016,0.42395132320580564,0.2286301127578394,0.7643601886504573,0.4867445401313144,0.7005092675933191,0.533741006505331,0.3164461499052794,0.12252857165283926,1.0
0.2803461618037204,0.5170243178763226,0.7453294685687445,0.6181248047808441,0.7803518678688516,0.19465724385582073,0.14371435345312267,0.044176571267868,0.8581280352640827,0.11418427692660205,0.767354182340094,0.22504626585237308,0.34291190344404776,1.0
0.4000843633645639,0.39841842432865304,0.4422189174860882,0.20915643822711327,0.9989743534707965,0.1092664250079719,0.3133445659695212,0.9048762189414175,0.3364909602879297,0.0834907094063444,0.669464335661243,0.911568193457881,0.10102881440142308,1.0
0.04420289753043649,0.40761990167014883,0.5373165526577887,0.5472901100418073,0.3214811718459518,0.06900170439041142,0.2752453555170523,0.7854785413418698,0.9855941096507639,0.0707870913934725,0.8959761662433834,0.6474059994103118,0.3849828494601365,1.0
0.33743990519601696,0.19764631293264534,0.25497079493486685,0.16942344058614134,0.2976012703050752,0.32446867713405325,0.3830981064460156,0.5013966181839676,0.6078789285986189,0.6309199750322703,0.7066497594433041,0.33219200821581996,0.18089040634450793,1.0
0.1728592232284204,0.08056861052323139,0.45536638859606793,0.7978123333825404,0.589400059329081,0.1265309465393546,0.6238305050365947,0.6894631582697607,0.3006817946798449,0.4068521677282628,0.5660819429265141,0.5090512802781171,0.142734814286263,1.0
0.015351447295171128,0.023838231236901763,0.1395231960864879,0.2380909360274821,0.20883400543417752,0.40884088488435977,0.2126461064331161,0.02409158676446066,0.7095711327726099,0.8866377873210209,0.41730258991534763,0.5241713813461314,0.09476506650948102,1.0
0.24608722348402778,0.47153044748223705,0.20742560449171576,0.6657039680251989,0.07934842295077471,0.5782123906998321,0.970426443209537,0.8900248450486091,0.42250408587805244,0.06825610122178183,0.7800996827463662,0.2308873439750152,0.2501933388051899,1.0
0.3776566787548352,0.023853768429566102,0.42817583727260966,0.5541117591296123,0.6990018548653879,0.6306675922934226,0.8042691128936363,0.5787630790564541,0.6890224485279136,0.793733674185728,0.5074877473790066,0.9736437175683661,0.19688240794532652,1.0
0.2075372486713739,0.09115938395168388,0.8744904582401305,0.1865295034422051,0.6930579851885162,0.18672984340430376,0.9509742413872888,0.6920021127879357,0.32305646090550455,0.4069106265244,0.3800670157815227,0.3500651166367458,0.25751852376207196,1.0
0.28803967985654577,0.43147186435156837,0.377615623366482,0.44811755303253686,0.63867625647843,0.5036520623773358,0.5836261527084128,0.17277935112855758,0.5196516616298794,0.224054227514895,0.7039893731922445,0.32018533769067714,0.1379231814688444,1.0
0.1296207862398775,0.07311073091843179,0.8207521944698062,0.9524280015567047,0.4789251050907426,0.045377599557146486,0.9013083042732074,0.501394400128937,0.5419522791101112,0.9860802241427781,0.8580412293415378,0.5563515888039403,0.14285756511792969,1.0
0.9462533634293806,0.20134399392611013,0.0843432443834623,0.9760078763760051,0.17815274850149776,0.9306547791734193,0.2402990003995823,0.4295053049688433,0.8372172148512966,0.12862364102023338,0.9969675805961201,0.43491408153745714,0.08053846698306155,1.0
0.1087337111850748,0.11452764291442286,0.7454591841945051,0.16846820197138712,0.8428719577941274,0.230940657106397,0.33510641226240867,0.15664709063939575,0.417168575033561,0.5939240755884642,0.7444230536389776,0.7390694080785062,0.15378710368624404,1.0
0.8006866333370446,0.04817431625839064,0.28704864979509137,0.23595862822887514,0.6288030611909972,0.3407071184406295,0.8109968005374064,0.08569141472192976,0.7012091575398415,0.08751270836439295,0.7791396488585822,0.2977499110678593,0.08964442709929576,1.0
0.2853797652702087,0.07348906003708,0.5670081752573671,0.6005872118957629,0.9182644395309053,0.6927019368952944,0.9574769845029768,0.07482071860525197,0.8420022303411467,0.08508150794086344,0.5103731627219289,0.08576963111974778,0.4621468273012972,1.0
0.2754563142459733,0.1566125617559364,0.5197743882746996,0.6978348108275348,0.4682938768609335,0.64111610186251,0.9432716668142944,0.8138468184671397,0.1977170253538103,0.3107352927275333,0.49214476026663834,0.4231918744731993,0.2011984486226125,1.0
0.20125798471117406,0.08355791649615141,0.8725888754267327,0.6051408141280904,0.056884137399896506,0.5675285322909328,0.9426635314688898,0.8516939790229141,0.5756253079092886,0.6965130951922094,0.4013933645211962,0.2339828403282499,0.05216567502247127,1.0
0.41060746211146093,0.6914036699730002,0.7359517586132827,0.6448493873931632,0.018512495092586234,0.7538798663283534,0.5301847272911588,0.8651281233327386,0.09663936724804856,0.5014907747308587,0.6727861673345766,0.7765122256042782,0.10519123460109236,1.0
0.19328161909733454,0.55389439299612,0.6040521715930398,0.9583202669519842,0.8512513884014777,0.9768508134046939,0.17960974478059422,0.618706600194736,0.7448524736103745,0.13433501757096966,0.7052573765566987,0.38508890577584753,0.8324534905807464,1.0
0.08494775320833892,0.9224499646165865,0.5343119510707702,0.7394720439424868,0.6648009823248109,0.062315121599656575,0.4007045729863675,0.587677545885153,0.27101989614750444,0.2001787962223195,0.9732825817747685,0.5770545405136186,0.31210570426548967,1.0
0.48639932699184607,0.09894951514112493,0.988449672698707,0.029777043473547038,0.5072450019898581,0.693601368668238,0.2889233764940582,0.15375946430037868,0.42056096398217546,0.15198018258421286,0.8035194430362307,0.7275610771062972,0.18948236879949698,1.0
0.75019157586709,0.23083542511206045,0.23532368060106246,0.5955742986653536,0.111396879674308,0.6482895479956885,0.05040734278642833,0.8303933766757747,0.09863299078431464,0.04530126311142546,0.5640221226031734,0.38076044875699566,0.03544273145683596,1.0
0.19098637212371616,0.34299914638906537,0.014385435949587633,0.32170873494981345,0.9010115082790714,0.007838639695333827,0.5717752575006958,0.3777122752720492,0.6966987071046378,0.8251721887499791,0.8504665593440418,0.29749672328153354,0.03373590068946286,1.0
0.08723058426874997,0.3087278141192331,0.19922969631420995,0.5970496967184786,0.24449928077617467,0.3680294023335503,0.6511219791299653,0.3608258419827962,0.0374144397176428,0.032389000046532224,0.8618533063407637,0.6328100614854593,0.05146805844917479,1.0
0.3842245446984056,0.39294126271140806,0.2255833228226093,0.399703429654669,0.5306616911051414,0.42295087801143627,0.3905825213486017,0.46684887735903013,0.12847739631742972,0.08002515926054177,0.8656359028019966,0.48401605296176253,0.10950190146573402,1.0
0.10321153028362517,0.2661988799378866,0.9416011281681987,0.32771459980420936,0.2091914825319472,0.7221885992777195,0.3897019124853176,0.4859133735930272,0.20250362020616663,0.18702819421312422,0.5687864043788888,0.42629626384372055,0.3183669084406494,1.0
0.4464965230497825,0.38959886188262927,0.11356929748542055,0.06329219272893394,0.034167620143766064,0.7507779170169507,0.7597297196178932,0.8647860784033586,0.7427837646048235,0.2265559590005265,0.7481445072547883,0.04641222080251595,0.02451058814080187,1.0
0.3396230397011192,0.009149618139864812,0.3619594823290615,0.5176130218779241,0.017593493541460004,0.33343610696901926,0.48734390487492596,0.8043268704410217,0.7226956590767786,0.17161393801093294,0.35954983676372565,0.22529121287681142,0.3919272358036414,1.0
0.374850113438294,0.35215016111601705,0.7469779578315093,0.16812352828171684,0.15822069697796226,0.36427454766586864,0.22641222639360148,0.05665878030032756,0.6826142935851593,0.07808012589149815,0.9026310996180691,0.7662633221621593,0.3934721614711375,1.0
0.2543964700125467,0.934157482135062,0.2638175062127206,0.7570250890722974,0.9362623421065747,0.1510322241147083,0.00827235419925132,0.5025933773685876,0.6205105505004249,0.030356906302193565,0.6510403561147279,0.838493082294297,0.13375592999094255,1.0
0.21908087862177483,0.6885214419108653,0.21853178284203023,0.1568984621469931,0.746420472949746,0.2808885062791425,0.7662624944576671,0.13392799349771756,0.29064242285387654,0.03868680436150962,0.8452193636934243,0.9004311375519151,0.07810991472348106,1.0
0.1741277902979751,0.3072761901603297,0.07169234503583788,0.5982661993446737,0.5326261695281286,0.7854031611145303,0.9913173666886465,0.45224246844600535,0.9575250867466467,0.11954611570197315,0.6339263032417124,0.1304253186239983,0.39009826561686556,1.0
0.12121264756857808,0.8312538439623907,0.27699822396214324,0.23027527417677962,0.9126743058193084,0.0034417318845224587,0.3035081401100709,0.7241905384614412,0.9792674889086912,0.028126737483087805,0.5800207326399326,0.9229795825106294,0.48989346081053564,1.0
0.11622838914542022,0.2597428597332371,0.48975414464252964,0.655281515885696,0.2598537208677404,0.21303217258007368,0.9836639985778235,0.878282822292821,0.1826666040017616,0.07023804892670904,0.09908361082868922,0.43454367448546816,0.29587272900470596,1.0
0.24699892145746583,0.5816275068465993,0.705624983749485,0.24965184358568948,0.03999123198436094,0.4338604854423137,0.6819385598145986,0.11757789783363337,0.7487070433765393,0.3277909542183294,0.6576457438260459,0.8599758127752767,0.16404964061676208,1.0
0.3522994458491896,0.5453255142505551,0.9348051751296745,0.46274698044951457,0.34955079951035484,0.7599028465302193,0.2643213282457988,0.31845323906282264,0.31140830792463214,0.11956446194281589,0.5946708944806522,0.9486020109223098,0.4561688459437173,1.0
0.43644260864115425,0.388017533115268,0.9960830726338731,0.822816076714364,0.07119191192859498,0.9692444545991794,0.912319192439778,0.25976262766182623,0.35962833022296214,0.09635299314725532,0.9775069855891968,0.13983235098919078,0.25737835273807197,1.0
0.444450537123912,0.5449289410037332,0.36341694793014945,0.8902972796220858,0.17105885978755786,0.17956125396144107,0.9234258259382725,0.7610936028873508,0.052667239935634935,0.30388496262038855,0.8817444405862614,0.9445888671471367,0.27733345263779374,1.0
0.1017627434606222,0.5380071010450057,0.14793191875365608,0.42397577556266397,0.5239511072113405,0.09356025446848937,0.3120038559687971,0.9497705780533383,0.8988392242078801,0.03899799382634428,0.6745036510088397,0.6622295243238318,0.05102860981188473,1.0
0.7838310864070542,0.10532336414746568,0.225363343372459,0.07110322306386407,0.5659304562874813,0.1544666827133424,0.3274385567089503,0.6969797098747228,0.03261942076322477,0.10752742640426183,0.49026959036085493,0.27293643319162686,0.18633685723305304,1.0
0.2555800488602955,0.6525909285776639,0.030033669837337684,0.8232751423431294,0.1292145075544736,0.00824946304228269,0.6572606191970144,0.9331163333637897,0.4484275382730294,0.17329481875517616,0.4678313592511233,0.772292054550505,0.20394753576094582,1.0
0.0292093553556102,0.7172254665406762,0.5936967622273429,0.2674967525634082,0.7665916865429337,0.5109881936069822,0.39825325841816017,0.723662402466393,0.1732407085179135,0.18155322943990104,0.6135268504094272,0.6987395747245662,0.11870322561986013,1.0
0.1561027194346486,0.07841412385155788,0.7135614143645153,0.57797324942669,0.4492618654095972,0.9340389002453832,0.709861591756686,0.08155462527609547,0.8791404610568017,0.016203986159895267,0.49600949550548,0.7891454436676941,0.3104987105100585,1.0
0.18286058168481478,0.021931996413546373,0.21692785402923953,0.4394418567902969,0.21695308323669704,0.12844051912614196,0.546699751853396,0.5128515442294077,0.9801016956088209,0.37441622187664225,0.9271976481075873,0.031530623203949615,0.21625462548572294,1.0
0.3190481690695647,0.3943976456554015,0.03309442491036085,0.18379058532886228,0.471138155649949,0.5289339409271714,0.3537413656737829,0.24255931977983025,0.8387095485494881,0.22030258716666273,0.8806032344905487,0.3733890521775748,0.2502004488714932,1.0
0.4235022329499394,0.4250234271377379,0.3710679018287095,0.23392092335242531,0.07214848592914636,0.016443023837182102,0.2353326810179498,0.20094454019066177,0.8013683692402065,0.13601571469833884,0.42363671356487254,0.13987856091422313,0.10997938736514334,1.0
0.285685933072674,0.06482384647605499,0.5563295323528937,0.6057494621980335,0.4725366499886501,0.7270317140754555,0.4372497043788679,0.5965361904535872,0.16661534950233503,0.5822596491579697,0.5731646395781823,0.3132140040236351,0.11523860044231182,1.0
0.3606313931581502,0.17846048810819792,0.9175816706494844,0.9334838376088693,0.0937285546432799,0.3749239559524098,0.5508493976498849,0.5629677717705736,0.8754307992416063,0.4789224023283588,0.35341653659806094,0.7707864569286159,0.1431532304356926,1.0
0.323850772260164,0.5951225455748557,0.5590011491081731,0.9411131347672772,0.5482881740899662,0.85912520287201,0.34520463637912313,0.2505902836369709,0.6461885844055593,0.11795991458563992,0.39351130989104965,0.6829174846847939,0.9752638363013433,1.0
0.1308246117603552,0.570693208404955,0.47522601984863266,0.12236785193393962,0.9123592815370484,0.3331723871415798,0.25031036343833934,0.4176818418394289,0.3713637619159049,0.12971915369251352,0.8597255843715053,0.18505200908220087,0.3336151946847643,1.0
0.31546012197169393,0.086208484966668,0.0026677357354769615,0.30352092239270934,0.3897860951412514,0.4848963655938199,0.6887143981942263,0.7845880651121938,0.8946682617614572,0.37229152846481417,0.9163577403096271,0.28907231397600397,0.1286643619794936,1.0
0.06264994352481723,0.006444873278758978,0.5129575961561407,0.7885823320707371,0.7975122097375984,0.9576681476582086,0.7993464200578437,0.4006160559589388,0.05523269923166907,0.496962244377121,0.8631907030201033,0.2736066289308694,0.23363476583558962,1.0
0.27740615916378664,0.006534314568823696,0.9683027646761405,0.1670824113951619,0.9626160533300092,0.21807652066228067,0.4848113235313425,0.3244580005925062,0.38220559541817445,0.3273425390007627,0.3669352459625157,0.3239349567711647,0.10083677957464943,1.0
0.7783265175744142,0.7375386345388633,0.33868586147366675,0.9857945742523178,0.257796473631549,0.21252721418803844,0.46866791439056366,0.44841584905671583,0.11171177154910639,0.18375848980058662,0.6428463685864426,0.4490506021521419,0.031131118876070563,1.0
0.17357809766968713,0.5114916456285266,0.268352726414105,0.7511367032951772,0.1812858983008646,0.53785411272129,0.7599027655258394,0.2656179360405557,0.8226685468845646,0.6478854007651115,0.9853328848870881,0.5882001917057588,0.3027212790063859,1.0
0.4784887224325287,0.5241376477028937,0.4404136899872768,0.8415004432376539,0.6014197976523386,0.25208222942256064,0.20480584977310834,0.9858299113392569,0.2967430452772273,0.5296831956339613,0.045283854593435424,0.1051030789796239,0.08233194415668788,2.0
0.7010304195206838,0.898550325455329,0.33920548542536244,0.575329973761342,0.9466079998642704,0.4058764193941188,0.12718736798241448,0.34930955031741695,0.4233649691796041,0.8446795203479632,0.10018945991564876,0.03399955753575268,0.23954508364310156,2.0
0.5617457450498182,0.42046268282656807,0.6962708268672086,0.9913808692180213,0.25450300160004335,0.10148060233330469,0.18168536030845983,0.01394324464652863,0.2832300036915195,0.5282074149131781,0.1571961123220298,0.03715267690240398,0.871209760186734,2.0
0.0,0.0,0.0,0.0,0.0,0.0,0.0,0.0,0.0,0.0,0.0,0.0,0.0,2.0
0.6638322246468482,0.18500337164683478,0.8136365457149689,0.5891859817998143,0.07304308719131292,0.0491183198713514,0.1792802544204467,0.29232611602922076,0.9299936551190213,0.8395852301977703,0.14437890677087561,0.26684036456356885,0.3912403836776327,2.0
0.8804790719869531,0.6895215757110873,0.6411561864499243,0.731916114984175,0.02843597511612206,0.5984328435013494,0.08388773886223277,0.9590402276541073,0.11488593145610182,0.41735989840258736,0.1193681504405083,0.09248496245682991,0.42153222077462016,2.0
0.0,0.0,0.0,0.0,0.0,0.0,0.0,0.0,0.0,0.0,0.0,0.0,0.0,2.0
0.8336054138831419,0.7854165467047404,0.8926490243756338,0.7594425890903919,0.2513475623256367,0.2808931415986471,0.20571928501856285,0.11315124602093884,0.7238517891473502,0.3703296990450222,0.17765013530385132,0.16029918148864375,0.21969113329021894,2.0
0.0,0.0,0.0,0.0,0.0,0.0,0.0,0.0,0.0,0.0,0.0,0.0,0.0,2.0
0.0,0.0,0.0,0.0,0.0,0.0,0.0,0.0,0.0,0.0,0.0,0.0,0.0,2.0
0.0,0.0,0.0,0.0,0.0,0.0,0.0,0.0,0.0,0.0,0.0,0.0,0.0,2.0
0.9740475734351167,0.7459442663543182,0.3702973476184954,0.45282714671468505,0.05266929644714935,0.042195092466622786,0.012366696379212061,0.2552254454093087,0.7999830205624217,0.6346624595800887,0.14654281265781932,0.1464457244609788,0.42849289381384936,2.0
0.5551311541344333,0.5786221759290213,0.8091879152721043,0.9705290368630944,0.7585657849924874,0.15262117203247172,0.04355294023326084,0.25602160904595317,0.4280228085928537,0.42579745730895713,0.2811460124047017,0.05969442239437561,0.0030056431429289487,2.0
0.08588718168538456,0.8641784167187615,0.6815763812783373,0.1297510280905163,0.9180997884759267,0.03223847581699735,0.13158994202986252,0.40806425077310415,0.23579714361528836,0.6572065386239675,0.12776192275326015,0.059500261679905186,0.031093475494323286,2.0
0.0,0.0,0.0,0.0,0.0,0.0,0.0,0.0,0.0,0.0,0.0,0.0,0.0,2.0
0.0,0.0,0.0,0.0,0.0,0.0,0.0,0.0,0.0,0.0,0.0,0.0,0.0,2.0
0.0,0.0,0.0,0.0,0.0,0.0,0.0,0.0,0.0,0.0,0.0,0.0,0.0,2.0
0.2889215449956436,0.11937599949372246,0.7278378064420709,0.9996127489746769,0.19500597211120885,0.4373760275175238,0.0493973692680455,0.4071102110343867,0.10091608729830015,0.6856417390102147,0.07208829615856138,0.07096840598764564,0.44537586285986497,2.0
0.0,0.0,0.0,0.0,0.0,0.0,0.0,0.0,0.0,0.0,0.0,0.0,0.0,2.0
0.6402479049016745,0.6371720506017846,0.5687534472603594,0.6808503741567286,0.41347771658136845,0.12253119311863425,0.006226843350981559,0.9243121543267653,0.06296409029774108,0.5506190336784497,0.2550100352536937,0.30549971179146107,0.09757677620519434,2.0
0.0,0.0,0.0,0.0,0.0,0.0,0.0,0.0,0.0,0.0,0.0,0.0,0.0,2.0
0.0,0.0,0.0,0.0,0.0,0.0,0.0,0.0,0.0,0.0,0.0,0.0,0.0,2.0
0.6777540156871885,0.7872291730270828,0.7288633015580083,0.09249153599492477,0.7837914997747157,0.08783572213896063,0.13218885875316866,0.8865490494275314,0.09477576073143945,0.6763999360995082,0.16739781666332576,0.3000183088678181,0.19729993421875558,2.0
0.0,0.0,0.0,0.0,0.0,0.0,0.0,0.0,0.0,0.0,0.0,0.0,0.0,2.0
0.9253661168117394,0.48453072708246236,0.7927237782245353,0.8010154275847587,0.5660552047545186,0.15288379457706303,0.2424435366570309,0.19558617624833063,0.45551360690706455,0.7481960844310845,0.13840651972710794,0.015521811768926419,0.20670719015201378,2.0
0.0,0.0,0.0,0.0,0.0,0.0,0.0,0.0,0.0,0.0,0.0,0.0,0.0,2.0
0.5299261535201303,0.9988434308164899,0.6211374911399424,0.2994449483623559,0.6895840569503396,0.33767944342474043,0.16072179311637513,0.34988221620679527,0.11417423105004165,0.6653753124447767,0.1364883630566378,0.05794802918548303,0.1012555580620893,2.0
0.9733065933231584,0.4513200234358222,0.892311132364352,0.39888439207491566,0.5692523329170419,0.8956095025058999,0.14424395742806917,0.6853306414116233,0.09077033815909841,0.5717244936231739,0.0517866082071583,0.26423653146357406,0.1407195376778584,2.0
0.5535401216983294,0.9145789744206719,0.8880296355356391,0.48374509355998097,0.8235436871730235,0.8758012002123503,0.11321796946102569,0.8281338316650327,0.6684940186408452,0.465479276782381,0.011219099221607798,0.052639210042829565,0.2433004343436247,2.0
0.0,0.0,0.0,0.0,0.0,0.0,0.0,0.0,0.0,0.0,0.0,0.0,0.0,2.0
0.0,0.0,0.0,0.0,0.0,0.0,0.0,0.0,0.0,0.0,0.0,0.0,0.0,2.0
0.0,0.0,0.0,0.0,0.0,0.0,0.0,0.0,0.0,0.0,0.0,0.0,0.0,2.0
0.8612211185417435,0.4878650727231959,0.7187590772504328,0.8180246961844432,0.4818300727253677,0.539175364485947,0.04875961681516072,0.23445906896187318,0.1482662094917151,0.4442298010668536,0.06708231948898247,0.2805625682209545,0.2297831413556961,2.0
0.4773290660812862,0.7962359016385298,0.7365657326375984,0.5311895827733402,0.29577035694401976,0.6591392753723339,0.0927456132082426,0.3865893928101506,0.4674364318174793,0.5106805444284973,0.2372667716011332,0.23564698548671204,0.24333410843639647,2.0
0.0,0.0,0.0,0.0,0.0,0.0,0.0,0.0,0.0,0.0,0.0,0.0,0.0,2.0
0.9427574929093027,0.7342692649598064,0.6436401361023195,0.4293811141198507,0.25422593938244853,0.2742591206397237,0.1671407396226,0.13185844611584763,0.3616624973990573,0.6760670763338293,0.2868914996435261,0.025523516647459554,0.3597072366420775,2.0
0.9672395460050759,0.941838746200149,0.4024936997428089,0.9472557452812533,0.0069967325361809385,0.33675586570579286,0.021047950864783505,0.43578202562705026,0.8837616942386042,0.8518417302803144,0.04948315555263616,0.08083054532116107,0.4186879478979334,2.0
0.6459941296414113,0.7426127161481166,0.4972061939315847,0.8132957719073467,0.33550567379491325,0.4616950523846107,0.10906084675558636,0.7851095033349493,0.3095770385356159,0.856271933005449,0.1539460472372819,0.014538460871180492,0.2775624148942286,2.0
0.0,0.0,0.0,0.0,0.0,0.0,0.0,0.0,0.0,0.0,0.0,0.0,0.0,2.0
0.0,0.0,0.0,0.0,0.0,0.0,0.0,0.0,0.0,0.0,0.0,0.0,0.0,2.0
0.9706304535759339,0.19851042551211062,0.8417399326978777,0.7028426034964088,0.11313534607666653,0.29428367312799286,0.2061181500016035,0.3099668519181765,0.8637471186724476,0.8132801933669798,0.19240035704835634,0.11948721485548452,0.08218746086048978,2.0
0.6883256497495644,0.45545333974269253,0.6938378995288016,0.19647482847032294,0.4059163785959249,0.32245394840085606,0.13793132282643839,0.5826681812998563,0.7287032435433825,0.8463717134819679,0.10954560429169269,0.23257501138102155,0.3667480597016468,2.0
0.898453860610483,0.19755579307490423,0.5210835127960398,0.8061986592480654,0.07279956308089652,0.19076759353153472,0.22125194367817325,0.15368630460024713,0.19186253820681287,0.6879090184973415,0.16815172765213116,0.2015632461851773,0.13032763985204998,2.0
0.0,0.0,0.0,0.0,0.0,0.0,0.0,0.0,0.0,0.0,0.0,0.0,0.0,2.0
0.0,0.0,0.0,0.0,0.0,0.0,0.0,0.0,0.0,0.0,0.0,0.0,0.0,2.0
0.7324071882610802,0.26588730919010173,0.4860127988064651,0.8949143267503251,0.8994143868958235,0.18283953526548136,0.2281125951948867,0.42698655721084,0.17500868019453075,0.9039529343474615,0.14278249419376032,0.16069940901468982,0.4539398227471556,2.0
0.0,0.0,0.0,0.0,0.0,0.0,0.0,0.0,0.0,0.0,0.0,0.0,0.0,2.0
0.5966935973349332,0.18237522244049376,0.7950619760419271,0.6994958337351262,0.2548277518239017,0.37209153844896936,0.21627863173123918,0.8882518592203286,0.7720771177976982,0.9309738446102436,0.20240590812208514,0.2389510854938145,0.25120526904734797,2.0
0.0,0.0,0.0,0.0,0.0,0.0,0.0,0.0,0.0,0.0,0.0,0.0,0.0,2.0
0.0,0.0,0.0,0.0,0.0,0.0,0.0,0.0,0.0,0.0,0.0,0.0,0.0,2.0
0.0,0.0,0.0,0.0,0.0,0.0,0.0,0.0,0.0,0.0,0.0,0.0,0.0,2.0
0.9224504220632039,0.8758829997655998,0.6313220889415853,0.9039604269987844,0.10009060839523132,0.7520951164443987,0.07490693055492137,0.6207456013073356,0.8335953878761289,0.552274249063817,0.0467902017517241,0.14381471588841466,0.3489435534046412,2.0
0.054274773907780904,0.6609947636686678,0.6425738080682218,0.7342073340155932,0.7611788261593408,0.4141092127233872,0.14194762235623026,0.8927894647528498,0.3810799458503523,0.8448044361797846,0.1979408078293634,0.2025938119676296,0.22954831101289597,2.0
0.0,0.0,0.0,0.0,0.0,0.0,0.0,0.0,0.0,0.0,0.0,0.0,0.0,2.0
0.0,0.0,0.0,0.0,0.0,0.0,0.0,0.0,0.0,0.0,0.0,0.0,0.0,2.0
0.0,0.0,0.0,0.0,0.0,0.0,0.0,0.0,0.0,0.0,0.0,0.0,0.0,2.0
0.15444164480508005,0.5393062972013825,0.4500925889295233,0.9150484674104566,0.47850293864020155,0.4624911299229063,0.019915108074605947,0.4944169089162591,0.18025546851061025,0.7566740983184225,0.14249242441593823,0.06163655535627144,0.07769764295035142,2.0
0.9547721140419831,0.8197960211317221,0.45305499819584827,0.3516864498869333,0.6044084546349958,0.9321611787567887,0.05539812478666384,0.5534931987633246,0.07780465742208786,0.7215014471713449,0.05128390160787444,0.007635242411993648,0.23281645758252711,2.0
0.5830791707426067,0.713355413217007,0.3298319064543669,0.8347469947664564,0.2872863757357773,0.376384918483614,0.17006227349519487,0.6992385839541381,0.09714776067887387,0.9575483997751019,0.19029080047323466,0.2215948256264767,0.08220950820774997,2.0
0.551066644441539,0.5367915821167741,0.5657000889840806,0.8514671812380873,0.35977529707846023,0.45894362591428595,0.1330377385941106,0.8410319174290561,0.6000406285891834,0.33328717753421044,0.2641643605213927,0.16921189192349673,0.003072867852551231,2.0
0.0,0.0,0.0,0.0,0.0,0.0,0.0,0.0,0.0,0.0,0.0,0.0,0.0,2.0
0.0,0.0,0.0,0.0,0.0,0.0,0.0,0.0,0.0,0.0,0.0,0.0,0.0,2.0
0.49164886405745056,0.9577510262670945,0.4161264497938415,0.4592634252961809,0.7914578277840678,0.9744911355954102,0.0447656332228642,0.4837085260254316,0.9990963131467024,0.24096897917531812,0.02017392491476555,0.0657056297068076,0.1296476870615224,2.0
0.199747948062326,0.5671575430176132,0.7401838558535418,0.4202450752035487,0.9068470939611988,0.8352894489583771,0.026956133811443794,0.24291641068299974,0.10451805021495864,0.8851430728806758,0.1429852034893927,0.13524160017900622,0.138269265363837,2.0
0.6675070381555772,0.4717775428043648,0.4446675951888124,0.2697560956521179,0.8484301790457731,0.2936765552458853,0.022935778733408796,0.8460757558380604,0.13736654865344722,0.22732563651838544,0.10719204533008564,0.0293403805896455,0.33685250894255403,2.0
0.7131508960854195,0.684562881824795,0.7852693649171293,0.6169900698033132,0.19761196602013376,0.43836703203834726,0.08769367526752336,0.31756172926636106,0.6211372099532707,0.9571296666399866,0.26083432152547636,0.12283525869991929,0.017251928668344352,2.0
0.6309087043134535,0.8299143662257149,0.8958811539101914,0.5874412450701415,0.2800727097240181,0.007433102688897741,0.1815118252871437,0.09661606398936995,0.20283058224491635,0.5870385879386331,0.021522929995994144,0.10152957522972195,0.9056302224189704,2.0
0.6318124782412786,0.708132772870129,0.9000767026036212,0.7784878856031989,0.7003724865917106,0.060578652097937113,0.1826339185105731,0.4849262800387494,0.7913630479262099,0.7834938537198708,0.2728021784421678,0.22929113871532614,0.12233733209431841,2.0
0.0,0.0,0.0,0.0,0.0,0.0,0.0,0.0,0.0,0.0,0.0,0.0,0.0,2.0
0.5406539092599059,0.14681448166794497,0.8664438853195502,0.48789954941095104,0.678214408504363,0.33248402924510245,0.1076566052117941,0.7238569668780953,0.4474163445974071,0.4258217275633618,0.13609633347526517,0.17219212385333948,0.12998956958285646,2.0
0.7289885161473129,0.8615608404764172,0.47273471930451616,0.7853879238880667,0.3877685701153146,0.32658931360372245,0.21093888884561207,0.5352641227040676,0.5335233921425938,0.8564558917932421,0.04516766152573248,0.029882920562097404,0.42572003868694974,2.0
0.08528858292953068,0.4501290661572238,0.38206588660994767,0.5147251933910351,0.7956678069399439,0.43855587361911075,0.09160866358288933,0.17321406780438697,0.04749703183918108,0.45324725503139673,0.046869840610738955,0.028103894145476094,0.14460160605360695,2.0
0.5383064453566371,0.9898003795074274,0.6628067649715286,0.3329115717880986,0.6329456695287797,0.1681066473756444,0.16347399243687932,0.422756040178619,0.30651484238385573,0.7261271773010366,0.030099942891661735,0.17773820424367837,0.2790131066381163,2.0
0.0,0.0,0.0,0.0,0.0,0.0,0.0,0.0,0.0,0.0,0.0,0.0,0.0,2.0
0.48004718387052636,0.239965177752676,0.6013150483439599,0.662331480918626,0.27892013402511173,0.6239701565934561,0.057402974129817985,0.6119430669478866,0.5529634031670932,0.3730867100061561,0.036467862703393195,0.22512414583077534,0.06465707773463814,2.0
0.0,0.0,0.0,0.0,0.0,0.0,0.0,0.0,0.0,0.0,0.0,0.0,0.0,2.0
0.0,0.0,0.0,0.0,0.0,0.0,0.0,0.0,0.0,0.0,0.0,0.0,0.0,2.0
0.48146862114537914,0.9023363387735032,0.16574132349578186,0.8431481700677437,0.7478051603717183,0.5680208875241236,0.10323617263544171,0.7568791413036559,0.21051103148901662,0.8585858904486801,0.11243307956326876,0.181843330950216,0.17216229954530848,2.0
0.8193038081043752,0.6651179145252708,0.9272147714459099,0.6908884234521983,0.5807542135650557,0.9708398163346108,0.045174368037145585,0.8981120894440799,0.5464642976081165,0.5477393245488305,0.05567653004313966,0.20858008206513312,0.4009798598671128,2.0
0.8554819180665801,0.4471126966437555,0.10359357189801544,0.6510399068528945,0.15736361808178223,0.3657208857404579,0.008603644204538186,0.687002675977941,0.3639159030029301,0.7191720163916626,0.2430689794293548,0.057880001548407445,0.3268778250081774,2.0
0.5690732144707144,0.5979567071129994,0.835850474836937,0.9620864490854396,0.9482557086373162,0.24540100252081132,0.2037675501482591,0.8739744090491309,0.7184285240319226,0.7019023031043781,0.017811602304739216,0.27460849886176053,0.35561838142308355,2.0
0.0,0.0,0.0,0.0,0.0,0.0,0.0,0.0,0.0,0.0,0.0,0.0,0.0,2.0
0.7112679894050218,0.9962590441718413,0.6951510162632508,0.20495944581897707,0.7748775254537207,0.7934606585965569,0.12761127584285292,0.7885691508018409,0.09778197909511599,0.6400341126106907,0.07426414757505295,0.12530233121565226,0.22374063749102258,2.0
0.0,0.0,0.0,0.0,0.0,0.0,0.0,0.0,0.0,0.0,0.0,0.0,0.0,2.0
0.0,0.0,0.0,0.0,0.0,0.0,0.0,0.0,0.0,0.0,0.0,0.0,0.0,2.0
0.5668761063442918,0.9499468752506434,0.4628645990776409,0.3613558728077121,0.8683318041324098,0.029378717779328878,0.08684779388942576,0.892228391283516,0.0564612613304577,0.687170032908241,0.13804565530399493,0.19109180910749035,0.8597090719082787,2.0
0.0,0.0,0.0,0.0,0.0,0.0,0.0,0.0,0.0,0.0,0.0,0.0,0.0,2.0
0.5349162991997232,0.9182291979478886,0.8219094629453115,0.5970360140261705,0.4743768364518396,0.9112760816699497,0.06823330951184292,0.8058799949707884,0.6864389470324613,0.7232486661533999,0.0576450237096241,0.1007016442156421,0.19364920027079557,2.0
0.0,0.0,0.0,0.0,0.0,0.0,0.0,0.0,0.0,0.0,0.0,0.0,0.0,2.0
0.0,0.0,0.0,0.0,0.0,0.0,0.0,0.0,0.0,0.0,0.0,0.0,0.0,2.0
0.0,0.0,0.0,0.0,0.0,0.0,0.0,0.0,0.0,0.0,0.0,0.0,0.0,2.0
0.0,0.0,0.0,0.0,0.0,0.0,0.0,0.0,0.0,0.0,0.0,0.0,0.0,2.0
0.7460038335220442,0.8490675243918321,0.6425175150575521,0.5433861381940301,0.3394174771540913,0.24302387009438076,0.04557695244322035,0.021902179951037826,0.6525130743183865,0.6231388166310637,0.16197920547790612,0.1888265480658301,0.8286167172205101,2.0
0.0,0.0,0.0,0.0,0.0,0.0,0.0,0.0,0.0,0.0,0.0,0.0,0.0,2.0
0.0,0.0,0.0,0.0,0.0,0.0,0.0,0.0,0.0,0.0,0.0,0.0,0.0,2.0
0.0,0.0,0.0,0.0,0.0,0.0,0.0,0.0,0.0,0.0,0.0,0.0,0.0,2.0
0.9643982971067669,0.575551454129734,0.9753217324978228,0.19660938971207675,0.7308189877419842,0.3440418199460733,0.006340667409851508,0.7427862028543464,0.09124604418707938,0.46793697940643797,0.18164411066154384,0.23935012728343075,0.34098764344178867,2.0
0.0,0.0,0.0,0.0,0.0,0.0,0.0,0.0,0.0,0.0,0.0,0.0,0.0,2.0
0.41690951156440736,0.1676104812006941,0.6526427278060574,0.7399792282811279,0.6651378079774204,0.03079018948223744,0.21506718929915136,0.6775474341416216,0.371785804688894,0.5041057063334603,0.08630664470314309,0.05740230852508721,0.32615661761637693,2.0
0.0,0.0,0.0,0.0,0.0,0.0,0.0,0.0,0.0,0.0,0.0,0.0,0.0,2.0
